time_stamp, total time, scan point size, incremental time, search time, delete size, delete time, tree size st, tree size end, add point size, preprocess time
1757701337.96377468,0.00929880,12150,0.00122658,0.00000000,0,0.00000000,1392,2044,938,0.00000000
1757701338.06358075,0.00890206,11981,0.00114844,0.00000000,0,0.00000000,2044,2514,724,0.00107118
1757701338.16378736,0.00696709,11798,0.00094833,0.00000000,0,0.00000000,2514,2841,601,0.00037964
1757701338.26387000,0.00826523,11864,0.00104334,0.00000000,0,0.00000000,2841,3092,521,0.00187096
1757701338.36382961,0.00961627,12021,0.00202433,0.00000000,0,0.00000000,3092,3077,449,0.00042609
1757701338.46357775,0.00845359,12092,0.00086542,0.00000000,0,0.00000000,3077,3307,441,0.00083667
1757701338.56377649,0.00769239,11674,0.00116088,0.00000000,0,0.00000000,3307,3492,371,0.00046374
1757701338.66379070,0.00962158,11868,0.00062585,0.00000000,0,0.00000000,3343,3520,282,0.00044714
1757701338.76379514,0.01038476,12106,0.00123183,0.00000000,0,0.00000000,3520,3676,239,0.00065158
1757701338.86359215,0.00770616,11822,0.00053793,0.00000000,0,0.00000000,3676,3844,278,0.00084184
1757701338.96379137,0.00981495,11934,0.00052186,0.00000000,0,0.00000000,3844,4032,276,0.00035404
1757701339.06379795,0.00974533,12048,0.00097489,0.00000000,0,0.00000000,4032,4116,238,0.00030698
1757701339.16376138,0.01025933,11856,0.00069532,0.00000000,0,0.00000000,4116,4215,232,0.00039042
1757701339.26349616,0.00903189,11783,0.00049161,0.00000000,0,0.00000000,4215,4283,242,0.00066385
1757701339.36387372,0.00937743,11827,0.00067587,0.00000000,0,0.00000000,4283,4328,247,0.00045464
1757701339.46375108,0.00787286,12090,0.00051038,0.00000000,0,0.00000000,4328,4377,218,0.00031981
1757701339.56377244,0.00774139,12011,0.00062311,0.00000000,0,0.00000000,4377,4439,250,0.00040040
1757701339.66358399,0.00993751,11919,0.00104558,0.00000000,0,0.00000000,4439,4409,215,0.00027992
1757701339.76389384,0.00616924,11911,0.00049464,0.00000000,0,0.00000000,4409,4463,224,0.00040117
1757701339.86378551,0.01133112,12071,0.00051064,0.00000000,0,0.00000000,4463,4554,200,0.00065086
1757701339.96383071,0.01104680,11989,0.00050956,0.00000000,0,0.00000000,4554,4588,196,0.00038817
1757701340.06387901,0.00802790,11830,0.00041136,0.00000000,0,0.00000000,4588,4639,176,0.00044053
1757701340.16382122,0.00694372,11909,0.00043678,0.00000000,0,0.00000000,4639,4676,167,0.00048088
1757701340.26390338,0.00781647,11975,0.00048452,0.00000000,0,0.00000000,4676,4727,158,0.00029155
1757701340.36382079,0.00591547,11728,0.00042510,0.00000000,0,0.00000000,4727,4776,157,0.00034834
1757701340.46382284,0.00742639,11713,0.00038609,0.00000000,0,0.00000000,4776,4804,155,0.00061828
1757701340.56387711,0.01335774,11661,0.00087936,0.00000000,0,0.00000000,4804,4832,145,0.00029619
1757701340.66385388,0.00920166,11757,0.00039131,0.00000000,0,0.00000000,4832,4889,150,0.00057687
1757701340.76387358,0.01146529,11445,0.00061295,0.00000000,0,0.00000000,4889,4908,118,0.00041774
1757701340.86392498,0.01017614,11552,0.00047376,0.00000000,0,0.00000000,4908,4936,129,0.00038853
1757701340.96380186,0.00845048,11605,0.00042533,0.00000000,0,0.00000000,4936,4986,154,0.00085881
1757701341.06395221,0.00775259,11498,0.00032592,0.00000000,0,0.00000000,4986,5030,132,0.00054120
1757701341.16388726,0.00676033,11554,0.00032808,0.00000000,0,0.00000000,5030,5034,106,0.00078264
1757701341.26386499,0.01015590,11913,0.00042520,0.00000000,0,0.00000000,5034,5087,133,0.00037139
1757701341.36395311,0.00851833,11672,0.00050629,0.00000000,0,0.00000000,5087,5137,145,0.00057175
1757701341.46382117,0.00741896,11875,0.00053126,0.00000000,0,0.00000000,5137,5166,145,0.00081115
1757701341.56385040,0.00945503,12026,0.00043845,0.00000000,0,0.00000000,5166,5234,133,0.00049805
1757701341.66393709,0.00915427,12178,0.00116486,0.00000000,0,0.00000000,5234,5035,151,0.00091345
1757701341.76381135,0.00872738,12072,0.00051073,0.00000000,0,0.00000000,5035,5024,117,0.00040533
1757701341.86379957,0.00773852,12013,0.00031664,0.00000000,0,0.00000000,5024,5085,121,0.00079715
1757701341.96372843,0.00810425,12173,0.00026970,0.00000000,0,0.00000000,5085,5154,104,0.00050456
1757701342.06392550,0.01284865,11940,0.00043207,0.00000000,0,0.00000000,5154,5213,120,0.00065770
1757701342.16386795,0.00666972,11955,0.00034536,0.00000000,0,0.00000000,5213,5255,129,0.00052702
1757701342.26379800,0.00923859,12081,0.00038037,0.00000000,0,0.00000000,5255,5271,121,0.00066934
1757701342.36376715,0.01233004,11909,0.00127178,0.00000000,0,0.00000000,5271,5277,107,0.00058045
1757701342.46384072,0.00589504,11817,0.00036520,0.00000000,0,0.00000000,5277,5291,127,0.00052881
1757701342.56382322,0.00578904,11927,0.00027619,0.00000000,0,0.00000000,5291,5339,100,0.00044043
1757701342.66382837,0.00813057,11989,0.00041394,0.00000000,0,0.00000000,5339,5362,111,0.00049025
1757701342.76383901,0.00667116,11702,0.00025698,0.00000000,0,0.00000000,5362,5406,92,0.00048310
1757701342.86372018,0.00657869,11857,0.00037106,0.00000000,0,0.00000000,5406,5397,90,0.00048183
1757701342.96377087,0.01038473,12015,0.00036390,0.00000000,0,0.00000000,5397,5455,100,0.00062272
1757701343.06402612,0.00898763,11915,0.00030058,0.00000000,0,0.00000000,5455,5465,92,0.00046575
1757701343.16372275,0.00763785,11677,0.00032371,0.00000000,0,0.00000000,5465,5482,97,0.00043559
1757701343.26375222,0.00814421,12022,0.00027229,0.00000000,0,0.00000000,5482,5504,89,0.00115066
1757701343.36391664,0.00793800,12006,0.00036255,0.00000000,0,0.00000000,5504,5548,94,0.00086570
1757701343.46397519,0.00783093,11964,0.00038930,0.00000000,0,0.00000000,5548,5584,89,0.00056885
1757701343.56385708,0.00704093,11809,0.00023613,0.00000000,0,0.00000000,5584,5610,85,0.00057991
1757701343.66372252,0.00601219,12018,0.00020812,0.00000000,0,0.00000000,5610,5640,91,0.00059258
1757701343.76390076,0.00731977,11952,0.00031903,0.00000000,0,0.00000000,5640,5666,108,0.00066304
1757701343.86388016,0.00524883,11805,0.00021334,0.00000000,0,0.00000000,5666,5727,99,0.00047414
1757701343.96395946,0.00582926,11981,0.00023220,0.00000000,0,0.00000000,5727,5771,83,0.00050395
1757701344.06380200,0.00800755,12329,0.00023308,0.00000000,0,0.00000000,5771,5806,78,0.00062674
1757701344.16383481,0.00825776,11979,0.00037663,0.00000000,0,0.00000000,5806,5795,75,0.00047593
1757701344.26378369,0.00625162,12018,0.00076092,0.00000000,0,0.00000000,5795,5607,92,0.00064799
1757701344.36390686,0.00597043,12028,0.00019763,0.00000000,0,0.00000000,5607,5635,76,0.00040729
1757701344.46390104,0.00666871,12304,0.00024113,0.00000000,0,0.00000000,5635,5698,101,0.00070596
1757701344.56370878,0.00798961,12127,0.00040667,0.00000000,0,0.00000000,5698,5715,79,0.00075024
1757701344.66390896,0.00689966,11992,0.00023972,0.00000000,0,0.00000000,5715,5726,81,0.00041669
1757701344.76374435,0.00707699,12168,0.00020728,0.00000000,0,0.00000000,5726,5752,85,0.00073403
1757701344.86390352,0.00686914,12036,0.00030646,0.00000000,0,0.00000000,5752,5798,84,0.00076362
1757701344.96382761,0.00723787,12310,0.00028000,0.00000000,0,0.00000000,5798,5819,92,0.00068396
1757701345.06376195,0.00821529,12257,0.00060129,0.00000000,0,0.00000000,5819,5632,81,0.00085958
1757701345.16392398,0.00692353,11938,0.00027987,0.00000000,0,0.00000000,5632,5631,82,0.00087527
1757701345.26379371,0.00597888,12298,0.00025831,0.00000000,0,0.00000000,5631,5673,83,0.00040432
1757701345.36381054,0.00582326,12303,0.00016015,0.00000000,0,0.00000000,5673,5713,68,0.00058653
1757701345.46381021,0.00581585,12167,0.00020606,0.00000000,0,0.00000000,5713,5766,87,0.00043344
1757701345.56375337,0.00690474,12062,0.00038320,0.00000000,0,0.00000000,5766,5808,90,0.00086646
1757701345.66391516,0.00774683,12151,0.00020810,0.00000000,0,0.00000000,5808,5830,79,0.00049489
1757701345.76375294,0.00650978,12375,0.00061131,0.00000000,0,0.00000000,5830,5860,89,0.00074023
1757701345.86373329,0.00738044,12215,0.00032324,0.00000000,0,0.00000000,5860,5877,91,0.00088773
1757701345.96383977,0.00753494,11994,0.00059629,0.00000000,0,0.00000000,5877,5934,84,0.00064219
1757701346.06378531,0.00605548,12305,0.00036336,0.00000000,0,0.00000000,5934,5935,104,0.00048834
1757701346.16389680,0.00720318,12346,0.00028499,0.00000000,0,0.00000000,5935,5973,109,0.00048560
1757701346.26378489,0.00554465,12032,0.00028083,0.00000000,0,0.00000000,5973,6002,91,0.00051868
1757701346.36375189,0.00668137,12154,0.00026725,0.00000000,0,0.00000000,6002,6052,100,0.00048236
1757701346.46396708,0.00785885,12157,0.00027621,0.00000000,0,0.00000000,6052,6100,95,0.00056406
1757701346.56386018,0.00596851,11945,0.00023389,0.00000000,0,0.00000000,6100,6135,86,0.00064814
1757701346.66390228,0.00601990,12327,0.00027096,0.00000000,0,0.00000000,6135,6189,102,0.00042267
1757701346.76388097,0.00602217,12084,0.00028326,0.00000000,0,0.00000000,6189,6221,91,0.00066238
1757701346.86374879,0.00632792,12053,0.00030587,0.00000000,0,0.00000000,6221,6249,83,0.00046617
1757701346.96373129,0.00760935,12193,0.00021317,0.00000000,0,0.00000000,6249,6305,98,0.00036992
1757701347.06390166,0.00937487,12192,0.00040146,0.00000000,0,0.00000000,6305,6290,93,0.00034426
1757701347.16374588,0.00798043,12034,0.00025491,0.00000000,0,0.00000000,6290,6333,91,0.00030565
1757701347.26389337,0.00741598,12182,0.00029228,0.00000000,0,0.00000000,6333,6389,103,0.00053169
1757701347.36386514,0.00740180,12153,0.00031432,0.00000000,0,0.00000000,6389,6420,91,0.00051689
1757701347.46381164,0.00779349,12063,0.00028331,0.00000000,0,0.00000000,6420,6427,84,0.00048749
1757701347.56386971,0.00775222,12125,0.00034210,0.00000000,0,0.00000000,6427,6484,93,0.00051143
1757701347.66386986,0.00795034,12298,0.00055857,0.00000000,0,0.00000000,6484,6434,105,0.00068320
1757701347.76394653,0.00798266,12278,0.00028230,0.00000000,0,0.00000000,6434,6497,96,0.00108699
1757701347.86378527,0.00684967,12212,0.00030741,0.00000000,0,0.00000000,6497,6479,79,0.00051667
1757701347.96388483,0.01047376,12162,0.00025117,0.00000000,0,0.00000000,6479,6507,64,0.00049869
1757701348.06371188,0.00783626,12317,0.00029179,0.00000000,0,0.00000000,6507,6559,78,0.00062931
1757701348.16373968,0.00800526,12280,0.00021100,0.00000000,0,0.00000000,6559,6564,67,0.00042886
1757701348.26392460,0.00840783,12164,0.00023082,0.00000000,0,0.00000000,6564,6552,56,0.00051510
1757701348.36378956,0.00721855,12290,0.00021395,0.00000000,0,0.00000000,6552,6597,78,0.00069095
1757701348.46377015,0.00780171,12481,0.00008913,0.00000000,0,0.00000000,6597,6482,44,0.00072073
1757701348.56382227,0.00770387,12211,0.00020925,0.00000000,0,0.00000000,6482,6539,64,0.00066003
1757701348.66370916,0.00841552,12137,0.00025690,0.00000000,0,0.00000000,6539,6573,69,0.00032059
1757701348.76382899,0.00792670,12158,0.00022428,0.00000000,0,0.00000000,6573,6612,75,0.00078686
1757701348.86384559,0.00698263,12279,0.00022049,0.00000000,0,0.00000000,6612,6635,63,0.00054309
1757701348.96380877,0.00700301,12187,0.00025851,0.00000000,0,0.00000000,6635,6647,70,0.00057830
1757701349.06380272,0.00708307,12121,0.00020580,0.00000000,0,0.00000000,6647,6676,66,0.00055152
1757701349.16380692,0.00704382,12239,0.00020700,0.00000000,0,0.00000000,6676,6688,65,0.00045738
1757701349.26393986,0.00797125,12213,0.00014157,0.00000000,0,0.00000000,6688,6724,60,0.00093012
1757701349.36404443,0.00857579,12265,0.00020463,0.00000000,0,0.00000000,6724,6755,71,0.00079612
1757701349.46370029,0.00801470,12181,0.00024472,0.00000000,0,0.00000000,6755,6786,68,0.00048755
1757701349.56370115,0.00844381,12412,0.00026436,0.00000000,0,0.00000000,6786,6776,56,0.00087513
1757701349.66387749,0.00790817,12316,0.00027079,0.00000000,0,0.00000000,6776,6805,66,0.00047928
1757701349.76459384,0.00846206,12346,0.00021939,0.00000000,0,0.00000000,6805,6833,69,0.00067611
1757701349.86382794,0.01078489,12444,0.00020957,0.00000000,0,0.00000000,6833,6867,59,0.00055323
1757701349.96382737,0.00782939,12295,0.00017674,0.00000000,0,0.00000000,6867,6874,50,0.00060944
1757701350.06386352,0.00868273,12291,0.00019078,0.00000000,0,0.00000000,6874,6902,66,0.00062203
1757701350.16376400,0.00964169,12424,0.00021709,0.00000000,0,0.00000000,6902,6910,53,0.00046734
1757701350.26388788,0.00813842,12240,0.00019241,0.00000000,0,0.00000000,6910,6923,51,0.00082690
1757701350.36454082,0.00798909,12092,0.00019233,0.00000000,0,0.00000000,6923,6946,62,0.00044976
1757701350.46372008,0.00778064,12532,0.00022108,0.00000000,0,0.00000000,6946,6918,49,0.00055320
1757701350.56387758,0.00714641,12285,0.00017353,0.00000000,0,0.00000000,6918,6918,48,0.00060377
1757701350.66453791,0.00933336,12157,0.00034823,0.00000000,0,0.00000000,6918,6952,53,0.00039759
1757701350.76392055,0.00906168,12296,0.00033796,0.00000000,0,0.00000000,6952,6540,45,0.00051319
1757701350.86408734,0.00809557,12329,0.00019805,0.00000000,0,0.00000000,6540,6561,44,0.00058633
1757701350.96468806,0.00684621,12283,0.00024483,0.00000000,0,0.00000000,6561,6547,40,0.00069354
1757701351.06394506,0.00710334,12111,0.00010401,0.00000000,0,0.00000000,6547,6578,44,0.00061361
1757701351.16465521,0.00726211,12370,0.00015928,0.00000000,0,0.00000000,6578,6587,39,0.00055521
1757701351.26451254,0.00909641,12149,0.00020422,0.00000000,0,0.00000000,6587,6622,48,0.00048941
1757701351.36453295,0.00951113,12200,0.00016773,0.00000000,0,0.00000000,6622,6651,46,0.00038975
1757701351.46382308,0.00751879,12395,0.00058731,0.00000000,0,0.00000000,6651,6491,46,0.00050768
1757701351.56375194,0.00820642,12319,0.00011432,0.00000000,0,0.00000000,6491,6532,48,0.00082597
1757701351.66394281,0.01099282,12061,0.00021956,0.00000000,0,0.00000000,6532,6553,47,0.00067146
1757701351.76461768,0.00903334,12313,0.00019333,0.00000000,0,0.00000000,6553,6580,43,0.00039751
1757701351.86464810,0.00847779,12457,0.00016294,0.00000000,0,0.00000000,6580,6599,37,0.00048794
1757701351.96391606,0.00780155,12201,0.00025983,0.00000000,0,0.00000000,6599,6647,73,0.00041401
1757701352.06394982,0.00915995,12012,0.00033248,0.00000000,0,0.00000000,6647,6605,54,0.00097372
1757701352.16388559,0.00810412,12258,0.00019033,0.00000000,0,0.00000000,6605,6623,59,0.00057297
1757701352.26392651,0.00764319,12386,0.00011702,0.00000000,0,0.00000000,6623,6648,42,0.00084158
1757701352.36376715,0.00955016,12150,0.00018084,0.00000000,0,0.00000000,6648,6646,43,0.00047303
1757701352.46368122,0.00682438,12034,0.00021735,0.00000000,0,0.00000000,6646,6656,56,0.00046933
1757701352.56388402,0.01094663,12239,0.00024528,0.00000000,0,0.00000000,6656,6664,45,0.00065847
1757701352.66384339,0.00721660,12296,0.00022213,0.00000000,0,0.00000000,6664,6669,60,0.00056445
1757701352.76377153,0.00778405,12175,0.00018646,0.00000000,0,0.00000000,6669,6676,49,0.00037056
1757701352.86375904,0.00711278,12010,0.00016771,0.00000000,0,0.00000000,6676,6702,42,0.00043746
1757701352.96454883,0.00698293,12111,0.00021366,0.00000000,0,0.00000000,6702,6724,50,0.00044636
1757701353.06375575,0.00842109,12334,0.00021798,0.00000000,0,0.00000000,6724,6756,56,0.00046460
1757701353.16375399,0.00754896,12036,0.00015068,0.00000000,0,0.00000000,6756,6789,46,0.00036120
1757701353.26450682,0.00856955,12212,0.00025649,0.00000000,0,0.00000000,6789,6805,48,0.00039710
1757701353.36462235,0.00827951,12287,0.00026989,0.00000000,0,0.00000000,6805,6796,47,0.00064624
1757701353.46391368,0.00783700,12002,0.00015346,0.00000000,0,0.00000000,6796,6830,44,0.00122799
1757701353.56376219,0.00768118,11936,0.00018734,0.00000000,0,0.00000000,6830,6849,47,0.00028728
1757701353.66374946,0.00881202,12175,0.00018903,0.00000000,0,0.00000000,6849,6853,50,0.00038760
1757701353.76385260,0.01041763,12208,0.00029037,0.00000000,0,0.00000000,6853,6855,49,0.00051640
1757701353.86376309,0.00851407,11993,0.00012586,0.00000000,0,0.00000000,6855,6888,47,0.00047566
1757701353.96368957,0.01043156,11945,0.00017030,0.00000000,0,0.00000000,6888,6899,48,0.00035548
1757701354.06389093,0.00816737,12051,0.00015669,0.00000000,0,0.00000000,6899,6919,44,0.00063246
1757701354.16376948,0.00835158,12159,0.00022519,0.00000000,0,0.00000000,6919,6949,55,0.00055096
1757701354.26371598,0.00823806,12004,0.00017350,0.00000000,0,0.00000000,6949,6976,42,0.00083500
1757701354.36441517,0.00797209,11931,0.00037898,0.00000000,0,0.00000000,6976,6919,55,0.00042065
1757701354.46375203,0.00844952,12142,0.00018099,0.00000000,0,0.00000000,6919,6948,51,0.00049703
1757701354.56371975,0.00859423,12208,0.00021174,0.00000000,0,0.00000000,6948,6965,47,0.00043002
1757701354.66379690,0.00756113,11881,0.00020575,0.00000000,0,0.00000000,6965,6995,56,0.00032565
1757701354.76368093,0.00667642,12137,0.00015642,0.00000000,0,0.00000000,6995,7017,48,0.00039643
1757701354.86387539,0.00723796,12090,0.00015329,0.00000000,0,0.00000000,7017,7030,39,0.00030721
1757701354.96373558,0.00893490,11982,0.00024304,0.00000000,0,0.00000000,7030,7044,59,0.00059547
1757701355.06442165,0.00753940,12031,0.00019592,0.00000000,0,0.00000000,7044,7039,47,0.00030562
1757701355.16374946,0.01023426,12242,0.00024839,0.00000000,0,0.00000000,7039,7059,60,0.00048205
1757701355.26370835,0.00717731,12156,0.00018727,0.00000000,0,0.00000000,7059,7085,51,0.00038735
1757701355.36370063,0.00706454,11931,0.00013664,0.00000000,0,0.00000000,7085,7117,46,0.00032510
1757701355.46375060,0.00743746,12349,0.00020210,0.00000000,0,0.00000000,7117,7136,58,0.00046318
1757701355.56453729,0.01169409,12020,0.00031238,0.00000000,0,0.00000000,7136,7141,52,0.00063448
1757701355.66378260,0.00831525,11983,0.00019055,0.00000000,0,0.00000000,7141,7169,64,0.00087645
1757701355.76353073,0.00966234,12402,0.00022129,0.00000000,0,0.00000000,7169,7165,51,0.00030728
1757701355.86366987,0.00761485,12118,0.00018949,0.00000000,0,0.00000000,7165,7199,58,0.00057674
1757701355.96375489,0.00769150,11905,0.00024855,0.00000000,0,0.00000000,7199,7229,60,0.00074011
1757701356.06375742,0.00804445,12306,0.00018578,0.00000000,0,0.00000000,7229,7230,57,0.00041455
1757701356.16437697,0.00743950,12224,0.00029015,0.00000000,0,0.00000000,7230,7266,68,0.00077731
1757701356.26381183,0.00993117,11961,0.00073970,0.00000000,0,0.00000000,7266,7278,57,0.00044014
1757701356.36367059,0.00877222,12137,0.00014346,0.00000000,0,0.00000000,7278,7311,55,0.00040770
1757701356.46376514,0.00827835,12100,0.00016846,0.00000000,0,0.00000000,7311,7346,41,0.00033456
1757701356.56377721,0.00906138,12002,0.00018338,0.00000000,0,0.00000000,7346,7368,56,0.00029675
1757701356.66369390,0.00863993,12280,0.00020038,0.00000000,0,0.00000000,7368,7387,61,0.00088713
1757701356.76440239,0.00900532,12303,0.00020160,0.00000000,0,0.00000000,7387,7428,61,0.00073149
1757701356.86382747,0.00951224,12189,0.00019755,0.00000000,0,0.00000000,7428,7458,62,0.00095239
1757701356.96367121,0.01098523,12115,0.00032521,0.00000000,0,0.00000000,7458,7445,66,0.00043052
1757701357.06445169,0.00637862,12181,0.00019083,0.00000000,0,0.00000000,7445,7446,40,0.00049234
1757701357.16376472,0.00762864,12359,0.00016393,0.00000000,0,0.00000000,7446,7483,47,0.00054937
1757701357.26441646,0.00759349,12141,0.00015697,0.00000000,0,0.00000000,7483,7477,40,0.00040201
1757701357.36433077,0.00928531,12032,0.00022694,0.00000000,0,0.00000000,7477,7478,57,0.00048626
1757701357.46375251,0.00719593,12237,0.00022795,0.00000000,0,0.00000000,7478,7482,57,0.00079253
1757701357.56438303,0.00744126,12232,0.00015816,0.00000000,0,0.00000000,7482,7495,40,0.00048450
1757701357.66380382,0.00779955,12073,0.00014625,0.00000000,0,0.00000000,7495,7522,41,0.00061363
1757701357.76366639,0.00718216,12321,0.00015232,0.00000000,0,0.00000000,7522,7551,43,0.00029893
1757701357.86367011,0.00849404,12374,0.00013040,0.00000000,0,0.00000000,7551,7573,36,0.00050548
1757701357.96366906,0.00920265,12185,0.00029682,0.00000000,0,0.00000000,7573,7605,45,0.00071060
1757701358.06379843,0.00905271,12140,0.00012794,0.00000000,0,0.00000000,7605,7596,26,0.00055978
1757701358.16363525,0.00970809,12354,0.00026522,0.00000000,0,0.00000000,7596,7566,46,0.00043261
1757701358.26374817,0.00957447,12390,0.00014370,0.00000000,0,0.00000000,7566,7579,36,0.00047984
1757701358.36367393,0.01033412,12266,0.00018503,0.00000000,0,0.00000000,7579,7588,35,0.00060928
1757701358.46384311,0.00818703,12264,0.00019517,0.00000000,0,0.00000000,7588,7607,42,0.00034025
1757701358.56431937,0.01093044,12303,0.00015713,0.00000000,0,0.00000000,7607,7628,31,0.00065234
1757701358.66364765,0.00919872,12219,0.00016425,0.00000000,0,0.00000000,7628,7640,43,0.00069407
1757701358.76365900,0.00956882,12201,0.00027517,0.00000000,0,0.00000000,7640,7650,41,0.00067186
1757701358.86369157,0.00932233,12221,0.00017319,0.00000000,0,0.00000000,7650,7641,35,0.00063340
1757701358.96366596,0.01041699,12202,0.00030037,0.00000000,0,0.00000000,7641,7665,40,0.00049083
1757701359.06368113,0.01091130,12145,0.00020035,0.00000000,0,0.00000000,7665,7685,41,0.00034060
1757701359.16368032,0.01197363,12094,0.00012563,0.00000000,0,0.00000000,7685,7711,41,0.00045364
1757701359.26368976,0.00670541,12149,0.00024168,0.00000000,0,0.00000000,7711,7707,42,0.00099888
1757701359.36364961,0.00871664,12050,0.00017921,0.00000000,0,0.00000000,7707,7721,42,0.00079981
1757701359.46376872,0.00954351,11953,0.00024414,0.00000000,0,0.00000000,7721,7719,40,0.00043460
1757701359.56362462,0.01063977,11995,0.00018706,0.00000000,0,0.00000000,7719,7748,38,0.00069251
1757701359.66364646,0.00892492,12096,0.00013102,0.00000000,0,0.00000000,7748,7757,29,0.00051603
1757701359.76375818,0.00936031,11889,0.00012166,0.00000000,0,0.00000000,7757,7758,35,0.00036661
1757701359.86366415,0.00793179,11896,0.00015711,0.00000000,0,0.00000000,7758,7766,40,0.00057469
1757701359.96363592,0.01053255,12054,0.00024047,0.00000000,0,0.00000000,7766,7740,28,0.00034110
1757701360.06359529,0.00984529,12101,0.00011109,0.00000000,0,0.00000000,7740,7756,30,0.00059053
1757701360.16364574,0.00685861,11960,0.00010969,0.00000000,0,0.00000000,7756,7771,40,0.00048134
1757701360.26364374,0.00780965,11979,0.00010491,0.00000000,0,0.00000000,7771,7767,26,0.00048156
1757701360.36368990,0.00924551,12108,0.00022059,0.00000000,0,0.00000000,7767,7765,33,0.00060279
1757701360.46367741,0.01037138,11851,0.00013115,0.00000000,0,0.00000000,7765,7765,28,0.00055770
1757701360.56376147,0.00817180,11811,0.00016790,0.00000000,0,0.00000000,7765,7766,36,0.00039530
1757701360.66376305,0.00734113,11964,0.00009646,0.00000000,0,0.00000000,7766,7771,26,0.00041178
1757701360.76361179,0.01138188,12087,0.00036648,0.00000000,0,0.00000000,7771,7790,47,0.00053518
1757701360.86361504,0.00800577,11916,0.00016783,0.00000000,0,0.00000000,7790,7787,30,0.00042073
1757701360.96374512,0.00814487,11913,0.00009690,0.00000000,0,0.00000000,7787,7784,19,0.00030096
1757701361.06437826,0.00818772,11923,0.00009868,0.00000000,0,0.00000000,7784,7806,32,0.00058146
1757701361.16358662,0.00711532,11879,0.00011439,0.00000000,0,0.00000000,7806,7820,30,0.00053771
1757701361.26372981,0.01222355,11820,0.00012685,0.00000000,0,0.00000000,7820,7839,26,0.00030108
1757701361.36357880,0.00855833,11914,0.00008598,0.00000000,0,0.00000000,7839,7839,23,0.00053592
1757701361.46429968,0.00788219,11843,0.00012956,0.00000000,0,0.00000000,7839,7845,30,0.00052694
1757701361.56431293,0.00800024,11970,0.00020645,0.00000000,0,0.00000000,7845,7818,38,0.00055062
1757701361.66369200,0.00869853,12021,0.00014050,0.00000000,0,0.00000000,7818,7833,24,0.00039835
1757701361.76359320,0.00664530,11837,0.00010939,0.00000000,0,0.00000000,7833,7855,35,0.00045955
1757701361.86375189,0.00834101,11718,0.00012403,0.00000000,0,0.00000000,7855,7881,36,0.00050566
1757701361.96358180,0.00806029,11898,0.00014737,0.00000000,0,0.00000000,7881,7879,33,0.00029658
1757701362.06425786,0.01099960,11807,0.00014838,0.00000000,0,0.00000000,7879,7890,33,0.00071943
1757701362.16363883,0.00757840,11637,0.00015356,0.00000000,0,0.00000000,7890,7865,41,0.00029867
1757701362.26363945,0.00812164,11808,0.00012719,0.00000000,0,0.00000000,7865,7882,27,0.00047704
1757701362.36362910,0.00811731,11711,0.00008521,0.00000000,0,0.00000000,7882,7866,19,0.00043020
1757701362.46372533,0.00731302,11653,0.00014176,0.00000000,0,0.00000000,7866,7854,32,0.00043673
1757701362.56421304,0.01120772,11670,0.00025631,0.00000000,0,0.00000000,7854,7852,27,0.00037025
1757701362.66366053,0.00777233,11728,0.00013353,0.00000000,0,0.00000000,7852,7852,31,0.00031316
1757701362.76424217,0.00728906,11631,0.00016749,0.00000000,0,0.00000000,7852,7851,31,0.00041009
1757701362.86376286,0.00853214,11832,0.00014289,0.00000000,0,0.00000000,7851,7863,32,0.00042492
1757701362.96369791,0.00857736,11720,0.00018566,0.00000000,0,0.00000000,7863,7861,32,0.00034400
1757701363.06365561,0.00745642,11580,0.00012026,0.00000000,0,0.00000000,7861,7884,26,0.00094651
1757701363.16373992,0.00716728,11716,0.00011505,0.00000000,0,0.00000000,7884,7890,36,0.00045840
1757701363.26355457,0.00723440,11862,0.00012344,0.00000000,0,0.00000000,7890,7898,30,0.00046576
1757701363.36366343,0.00945309,11709,0.00028495,0.00000000,0,0.00000000,7898,7905,24,0.00042442
1757701363.46366215,0.00608845,11684,0.00011059,0.00000000,0,0.00000000,7905,7914,32,0.00046966
1757701363.56448245,0.00657182,11612,0.00017522,0.00000000,0,0.00000000,7914,7923,49,0.00032834
1757701363.66444087,0.00715656,11761,0.00013303,0.00000000,0,0.00000000,7923,7921,34,0.00038500
1757701363.76424408,0.00898174,11675,0.00027805,0.00000000,0,0.00000000,7921,7933,49,0.00105287
1757701363.86371398,0.00689987,11677,0.00013977,0.00000000,0,0.00000000,7933,7964,51,0.00054873
1757701363.96435094,0.00885033,11606,0.00039212,0.00000000,0,0.00000000,7964,7910,58,0.00052496
1757701364.06351852,0.00751846,11968,0.00016610,0.00000000,0,0.00000000,7910,7920,40,0.00047199
1757701364.16359329,0.00744343,11927,0.00014651,0.00000000,0,0.00000000,7920,7932,39,0.00043855
1757701364.26434588,0.00749475,11637,0.00019281,0.00000000,0,0.00000000,7932,7964,56,0.00061060
1757701364.36419988,0.01221933,11891,0.00034456,0.00000000,0,0.00000000,7964,7935,40,0.00039622
1757701364.46434474,0.00903071,11685,0.00013000,0.00000000,0,0.00000000,7935,7958,36,0.00031577
1757701364.56360936,0.00733322,11523,0.00015294,0.00000000,0,0.00000000,7958,7987,47,0.00065959
1757701364.66367865,0.01252386,11325,0.00019651,0.00000000,0,0.00000000,7987,7999,42,0.00039228
1757701364.76419830,0.00670747,11371,0.00019309,0.00000000,0,0.00000000,7999,8008,38,0.00058621
1757701364.86453724,0.00673506,11054,0.00014322,0.00000000,0,0.00000000,8008,8023,29,0.00040166
1757701364.96436214,0.00727755,10783,0.00032305,0.00000000,0,0.00000000,8023,8012,37,0.00053629
1757701365.06379938,0.00678759,10564,0.00027271,0.00000000,0,0.00000000,8012,7982,29,0.00060828
1757701365.16364694,0.00754104,10525,0.00012480,0.00000000,0,0.00000000,7982,8000,36,0.00026705
1757701365.26360822,0.00675248,10105,0.00013691,0.00000000,0,0.00000000,8000,8033,41,0.00036262
1757701365.36427522,0.00652609,9593,0.00011215,0.00000000,0,0.00000000,8033,8054,35,0.00039090
1757701365.46362686,0.00786288,9570,0.00019366,0.00000000,0,0.00000000,8054,8045,38,0.00048867
1757701365.56425977,0.00566307,8991,0.00015337,0.00000000,0,0.00000000,8045,8051,41,0.00045670
1757701365.66420460,0.00508613,8719,0.00018569,0.00000000,0,0.00000000,8051,8033,46,0.00042838
1757701365.76419067,0.00621861,8826,0.00016057,0.00000000,0,0.00000000,8033,8038,39,0.00052544
1757701365.86354899,0.00903080,8649,0.00010624,0.00000000,0,0.00000000,8038,8059,32,0.00027683
1757701365.96368670,0.00550650,8387,0.00011989,0.00000000,0,0.00000000,8059,8069,34,0.00037211
1757701366.06362820,0.00735310,8601,0.00011113,0.00000000,0,0.00000000,8069,8093,35,0.00037014
1757701366.16423035,0.00622331,9082,0.00013121,0.00000000,0,0.00000000,8093,8098,31,0.00029203
1757701366.26374435,0.00803494,9493,0.00015942,0.00000000,0,0.00000000,8098,8100,42,0.00031332
1757701366.36366820,0.00672012,9956,0.00019685,0.00000000,0,0.00000000,8100,8107,50,0.00025470
1757701366.46426773,0.00715949,10243,0.00023814,0.00000000,0,0.00000000,8107,8128,52,0.00037198
1757701366.56366730,0.00703479,10182,0.00065424,0.00000000,0,0.00000000,8128,8150,38,0.00028199
1757701366.66359663,0.00580824,10475,0.00018954,0.00000000,0,0.00000000,8150,8179,50,0.00028952
1757701366.76423430,0.00665875,10601,0.00018489,0.00000000,0,0.00000000,8179,8197,41,0.00037531
1757701366.86426663,0.00944409,10342,0.00016785,0.00000000,0,0.00000000,8197,8211,38,0.00036162
1757701366.96421766,0.00925405,10321,0.00021281,0.00000000,0,0.00000000,8211,8229,45,0.00030500
1757701367.06464362,0.00793050,10483,0.00021380,0.00000000,0,0.00000000,8229,8234,47,0.00044295
1757701367.16368008,0.00749107,10362,0.00012967,0.00000000,0,0.00000000,8234,8256,36,0.00032125
1757701367.26361418,0.00893885,10510,0.00103317,0.00000000,0,0.00000000,8256,7603,46,0.00050099
1757701367.36427426,0.00767855,10478,0.00018329,0.00000000,0,0.00000000,7603,7645,51,0.00029830
1757701367.46365571,0.00618068,10628,0.00021664,0.00000000,0,0.00000000,7645,7674,47,0.00049462
1757701367.56426668,0.01019658,10351,0.00034614,0.0